,Unnamed: 0,State,cycle,expectedAsym
4,4,CA,1970,-3.2415
31,31,NY,1970,-2.80415
42,42,TX,1970,-2.86595
54,54,CA,1980,-4.2273
81,81,NY,1980,-2.1032
92,92,TX,1980,-3.7676
142,142,TX,1990,-4.0545
154,154,CA,2000,-3.93915
181,181,NY,2000,-2.33155
209,209,GA,2010,2.47745
232,232,NC,2010,2.52025
237,237,PA,2010,3.6356
