,Unnamed: 0,State,cycle,expectedAsym,mode,p05,p95
54,54,CA,1980,-3.6768,-3.5,-5.0,-2.5
92,92,TX,1980,-2.75195,-2.5,-4.025,-1.5
108,108,FL,1990,2.0104,2.0,0.5,3.0
142,142,TX,1990,-2.8043,-3.0,-4.5,-1.0
154,154,CA,2000,-3.2446,-3.5,-5.5,-1.0
158,158,FL,2000,2.04145,2.5,-0.5,4.5
208,208,FL,2010,2.28615,2.5,1.0,3.5
209,209,GA,2010,2.2616,2.5,1.5,3.0
232,232,NC,2010,2.86375,3.5,1.0,3.5
237,237,PA,2010,3.79795,4.0,3.0,4.0
