,Unnamed: 0,State,cycle,expectedAsym
4,4,CA,1970,-3.2327
31,31,NY,1970,-2.73875
42,42,TX,1970,-2.7934
54,54,CA,1980,-4.2211
81,81,NY,1980,-2.091
92,92,TX,1980,-3.76135
142,142,TX,1990,-4.0781
154,154,CA,2000,-4.0124
181,181,NY,2000,-2.32105
209,209,GA,2010,2.46965
232,232,NC,2010,2.5325
237,237,PA,2010,3.63805
