,Unnamed: 0,State,cycle,expectedAsym
4,4,CA,1970,-3.20355
31,31,NY,1970,-2.75195
42,42,TX,1970,-2.78045
54,54,CA,1980,-4.20475
81,81,NY,1980,-2.0929
92,92,TX,1980,-3.74375
142,142,TX,1990,-4.0413
154,154,CA,2000,-3.9783
181,181,NY,2000,-2.36935
209,209,GA,2010,2.4732
232,232,NC,2010,2.5216
237,237,PA,2010,3.63605
